key,comment
apt:10,
apt:102,
apt:103,
apt:104,
apt:105,
apt:107,
apt:109,
apt:110,
apt:111,
apt:112,
apt:113,
apt:114,
apt:116,
apt:117,
apt:118,
apt:119,
apt:120,
apt:121,
apt:122,
apt:123,
apt:126,
apt:129,
apt:131,
apt:132,
apt:134,
apt:135,
apt:137,
apt:142,
apt:143,
apt:145,
apt:148,
apt:149,
apt:150,
apt:151,
apt:152,
apt:153,
apt:154,
apt:155,
apt:156,
apt:157,
apt:158,
apt:16,
apt:160,
apt:163,
apt:165,
apt:166,
apt:168,
apt:17,
apt:174,
apt:175,
apt:176,
apt:177,
apt:179,
apt:18,
apt:180,
apt:182,
apt:184,
apt:185,
apt:187,
apt:190,
apt:193,
apt:196,
apt:197,
apt:198,
apt:199,
apt:204,
apt:205,
apt:21,
apt:211,
apt:212,
apt:215,
apt:216,
apt:221,
apt:222,
apt:223,
apt:224,
apt:225,
apt:226,
apt:227,
apt:229,
apt:23,
apt:230,
apt:231,
apt:233,
apt:234,
apt:237,
apt:239,
apt:240,
apt:241,
apt:242,
apt:248,
apt:252,
apt:253,
apt:255,
apt:256,
apt:258,
apt:263,
apt:265,
apt:27,
apt:270,
apt:273,
apt:274,
apt:276,
apt:278,
apt:279,
apt:28,
apt:282,
apt:289,
apt:292,
apt:294,
apt:295,
apt:297,
apt:299,
apt:30,
apt:301,
apt:303,
apt:304,
apt:305,
apt:307,
apt:308,
apt:309,
apt:311,
apt:313,
apt:316,
apt:317,
apt:318,
apt:320,
apt:323,
apt:325,
apt:326,
apt:327,
apt:329,
apt:33,
apt:335,
apt:336,
apt:337,
apt:338,
apt:339,
apt:34,
apt:340,
apt:342,
apt:343,
apt:344,
apt:345,
apt:348,
apt:349,
apt:350,
apt:352,
apt:353,
apt:354,
apt:356,
apt:357,
apt:358,
apt:359,
apt:36,
apt:362,
apt:363,
apt:365,
apt:366,
apt:367,
apt:368,
apt:369,
apt:37,
apt:370,
apt:371,
apt:373,
apt:376,
apt:377,
apt:380,
apt:381,
apt:383,
apt:384,
apt:386,
apt:387,
apt:389,
apt:39,
apt:390,
apt:391,
apt:393,
apt:394,
apt:395,
apt:396,
apt:397,
apt:398,
apt:399,
apt:401,
apt:402,
apt:403,
apt:405,
apt:406,
apt:408,
apt:41,
apt:410,
apt:411,
apt:413,
apt:414,
apt:415,
apt:416,
apt:417,
apt:420,
apt:422,
apt:425,
apt:426,
apt:429,
apt:43,
apt:430,
apt:431,
apt:433,
apt:435,
apt:436,
apt:437,
apt:447,
apt:450,
apt:452,
apt:453,
apt:456,
apt:457,
apt:46,
apt:460,
apt:461,
apt:462,
apt:463,
apt:464,
apt:465,
apt:466,
apt:467,
apt:468,
apt:469,
apt:470,
apt:471,
apt:472,
apt:473,
apt:474,
apt:478,
apt:479,
apt:48,
apt:480,
apt:486,
apt:487,
apt:488,
apt:489,
apt:490,
apt:492,
apt:493,
apt:494,
apt:496,
apt:497,
apt:501,
apt:502,
apt:503,
apt:504,
apt:505,
apt:51,
apt:511,
apt:512,
apt:515,
apt:516,
apt:517,
apt:520,
apt:521,
apt:525,
apt:527,
apt:528,
apt:529,
apt:53,
apt:530,
apt:534,
apt:535,
apt:537,
apt:538,
apt:54,
apt:540,
apt:541,
apt:542,
apt:544,
apt:551,
apt:552,
apt:553,
apt:554,
apt:555,
apt:557,
apt:560,
apt:561,
apt:562,
apt:563,
apt:564,
apt:566,
apt:567,
apt:568,
apt:571,
apt:574,
apt:575,
apt:576,
apt:578,
apt:580,
apt:581,
apt:582,
apt:584,
apt:585,
apt:587,
apt:588,
apt:589,
apt:59,
apt:590,
apt:591,
apt:594,
apt:597,
apt:602,
apt:604,
apt:606,
apt:609,
apt:611,
apt:612,
apt:613,
apt:617,
apt:618,
apt:619,
apt:62,
apt:620,
apt:621,
apt:623,
apt:624,
apt:627,
apt:628,
apt:63,
apt:633,
apt:634,
apt:635,
apt:636,
apt:637,
apt:638,
apt:639,
apt:64,
apt:640,
apt:641,
apt:642,
apt:643,
apt:645,
apt:647,
apt:648,
apt:65,
apt:651,
apt:652,
apt:653,
apt:654,
apt:658,
apt:659,
apt:661,
apt:663,
apt:667,
apt:668,
apt:673,
apt:674,
apt:675,
apt:677,
apt:68,
apt:685,
apt:687,
apt:689,
apt:692,
apt:693,
apt:694,
apt:695,
apt:696,
apt:698,
apt:699,
apt:700,
apt:702,
apt:704,
apt:705,
apt:706,
apt:71,
apt:710,
apt:712,
apt:713,
apt:714,
apt:715,
apt:716,
apt:717,
apt:718,
apt:719,
apt:72,
apt:724,
apt:725,
apt:726,
apt:727,
apt:728,
apt:73,
apt:732,
apt:75,
apt:77,
apt:79,
apt:82,
apt:84,
apt:85,
apt:86,
apt:87,
apt:88,
apt:89,
apt:90,
apt:91,
apt:92,
apt:96,
apt:98,
mm:1,
mm:102,
mm:103,
mm:104,
mm:105,
mm:106,
mm:107,
mm:108,
mm:11,
mm:110,
mm:112,
mm:113,
mm:114,
mm:115,
mm:116,
mm:117,
mm:118,
mm:119,
mm:120,
mm:121,
mm:122,
mm:123,
mm:124,
mm:126,
mm:13,
mm:130,
mm:132,
mm:140,
mm:141,
mm:143,
mm:144,
mm:145,
mm:146,
mm:148,
mm:149,
mm:15,
mm:152,
mm:153,
mm:154,
mm:156,
mm:158,
mm:159,
mm:162,
mm:163,
mm:164,
mm:165,
mm:168,
mm:169,
mm:170,
mm:174,
mm:175,
mm:177,
mm:178,
mm:180,
mm:182,
mm:184,
mm:185,
mm:186,
mm:188,
mm:191,
mm:195,
mm:196,
mm:197,
mm:2,
mm:200,
mm:201,
mm:203,
mm:205,
mm:206,
mm:207,
mm:24,
mm:25,
mm:27,
mm:28,
mm:29,
mm:3,
mm:32,
mm:333,
mm:334,
mm:35,
mm:36,
mm:39,
mm:40,
mm:52,
mm:53,
mm:56,
mm:57,
mm:61,
mm:62,
mm:72,
mm:76,
mm:80,
mm:81,
mm:83,
mm:84,
mm:88,
mm:94,
mm:96,
